date,x,y,B4_red_reflectance,B5_rededge_reflectance
2026-08-01,0,0,0.04126,0.04949
2026-08-01,1,0,0.04469,0.05362
2026-08-01,2,0,0.04391,0.04967
2026-08-01,3,0,0.04379,0.05108
2026-08-01,4,0,0.0416,0.05003
2026-08-01,5,0,0.04481,0.05344
2026-08-01,6,0,0.04241,0.04828
2026-08-01,7,0,0.04387,0.05217
2026-08-01,8,0,0.04517,0.05119
2026-08-01,9,0,0.04215,0.05028
2026-08-01,10,0,0.04117,0.04961
2026-08-01,11,0,0.04425,0.05048
2026-08-01,12,0,0.04142,0.04943
2026-08-01,13,0,0.0411,0.04944
2026-08-01,14,0,0.0427,0.05115
2026-08-01,15,0,0.04438,0.05109
2026-08-01,16,0,0.04504,0.05453
2026-08-01,17,0,0.04366,0.05157
2026-08-01,18,0,0.04052,0.04891
2026-08-01,19,0,0.04377,0.05279
2026-08-01,20,0,0.04323,0.05209
2026-08-01,21,0,0.04404,0.05259
2026-08-01,22,0,0.04445,0.05072
2026-08-01,23,0,0.04382,0.05172
2026-08-01,0,1,0.04141,0.04823
2026-08-01,1,1,0.04054,0.04822
2026-08-01,2,1,0.04269,0.05039
2026-08-01,3,1,0.0472,0.05535
2026-08-01,4,1,0.04445,0.05052
2026-08-01,5,1,0.0429,0.05228
2026-08-01,6,1,0.0441,0.0535
2026-08-01,7,1,0.04246,0.05051
2026-08-01,8,1,0.04343,0.05267
2026-08-01,9,1,0.04162,0.05
2026-08-01,10,1,0.04331,0.05015
2026-08-01,11,1,0.04246,0.05125
2026-08-01,12,1,0.04371,0.05151
2026-08-01,13,1,0.04251,0.04966
2026-08-01,14,1,0.04288,0.05111
2026-08-01,15,1,0.04385,0.05126
2026-08-01,16,1,0.043,0.05224
2026-08-01,17,1,0.04406,0.05204
2026-08-01,18,1,0.04167,0.05019
2026-08-01,19,1,0.04155,0.04846
2026-08-01,20,1,0.04065,0.04784
2026-08-01,21,1,0.04489,0.0518
2026-08-01,22,1,0.04455,0.05218
2026-08-01,23,1,0.04209,0.04918
2026-08-01,0,2,0.04583,0.05276
2026-08-01,1,2,0.04274,0.05026
2026-08-01,2,2,0.04217,0.0513
2026-08-01,3,2,0.04459,0.05211
2026-08-01,4,2,0.04225,0.05004
2026-08-01,5,2,0.04513,0.05212
2026-08-01,6,2,0.04067,0.04848
2026-08-01,7,2,0.04363,0.05162
2026-08-01,8,2,0.0467,0.05281
2026-08-01,9,2,0.04654,0.05213
2026-08-01,10,2,0.04248,0.05122
2026-08-01,11,2,0.04182,0.04852
2026-08-01,12,2,0.04228,0.05014
2026-08-01,13,2,0.04396,0.0507
2026-08-01,14,2,0.04501,0.05468
2026-08-01,15,2,0.04114,0.04871
2026-08-01,16,2,0.04387,0.05165
2026-08-01,17,2,0.04505,0.05322
2026-08-01,18,2,0.04528,0.05352
2026-08-01,19,2,0.04285,0.05096
2026-08-01,20,2,0.04197,0.04944
2026-08-01,21,2,0.045,0.04989
2026-08-01,22,2,0.04378,0.05221
2026-08-01,23,2,0.043,0.04939
2026-08-01,0,3,0.04361,0.04988
2026-08-01,1,3,0.04402,0.04976
2026-08-01,2,3,0.04528,0.05354
2026-08-01,3,3,0.04227,0.05178
2026-08-01,4,3,0.04254,0.05031
2026-08-01,5,3,0.04592,0.05389
2026-08-01,6,3,0.04128,0.04699
2026-08-01,7,3,0.04205,0.05141
2026-08-01,8,3,0.04479,0.05313
2026-08-01,9,3,0.0427,0.04849
2026-08-01,10,3,0.04215,0.04937
2026-08-01,11,3,0.04571,0.05347
2026-08-01,12,3,0.04212,0.05186
2026-08-01,13,3,0.04347,0.05136
2026-08-01,14,3,0.04575,0.05339
2026-08-01,15,3,0.03921,0.04797
2026-08-01,16,3,0.0433,0.05232
2026-08-01,17,3,0.04168,0.05149
2026-08-01,18,3,0.0422,0.0486
2026-08-01,19,3,0.04354,0.05113
2026-08-01,20,3,0.04351,0.05067
2026-08-01,21,3,0.04348,0.05123
2026-08-01,22,3,0.04601,0.05506
2026-08-01,23,3,0.04277,0.05263
2026-08-01,0,4,0.0423,0.05031
2026-08-01,1,4,0.0441,0.05247
2026-08-01,2,4,0.04219,0.051
2026-08-01,3,4,0.04141,0.04846
2026-08-01,4,4,0.04381,0.05305
2026-08-01,5,4,0.04548,0.05452
2026-08-01,6,4,0.04189,0.05049
2026-08-01,7,4,0.04334,0.04965
2026-08-01,8,4,0.04238,0.05134
2026-08-01,9,4,0.04174,0.05157
2026-08-01,10,4,0.04155,0.0502
2026-08-01,11,4,0.04227,0.0517
2026-08-01,12,4,0.04355,0.05261
2026-08-01,13,4,0.04167,0.05041
2026-08-01,14,4,0.04352,0.05279
2026-08-01,15,4,0.04488,0.05366
2026-08-01,16,4,0.04575,0.05417
2026-08-01,17,4,0.04419,0.0518
2026-08-01,18,4,0.0441,0.05372
2026-08-01,19,4,0.04213,0.05164
2026-08-01,20,4,0.04359,0.05153
2026-08-01,21,4,0.041,0.04854
2026-08-01,22,4,0.04606,0.05397
2026-08-01,23,4,0.04352,0.0527
2026-08-01,0,5,0.0435,0.05384
2026-08-01,1,5,0.04595,0.05246
2026-08-01,2,5,0.04529,0.05219
2026-08-01,3,5,0.04422,0.05126
2026-08-01,4,5,0.04473,0.05149
2026-08-01,5,5,0.04257,0.05043
2026-08-01,6,5,0.0426,0.05161
2026-08-01,7,5,0.04552,0.0547
2026-08-01,8,5,0.04241,0.05014
2026-08-01,9,5,0.04222,0.05073
2026-08-01,10,5,0.04359,0.05225
2026-08-01,11,5,0.04249,0.05282
2026-08-01,12,5,0.04299,0.05243
2026-08-01,13,5,0.04425,0.05069
2026-08-01,14,5,0.04207,0.05103
2026-08-01,15,5,0.0433,0.05222
2026-08-01,16,5,0.04437,0.05109
2026-08-01,17,5,0.0436,0.05116
2026-08-01,18,5,0.04259,0.05146
2026-08-01,19,5,0.04397,0.05219
2026-08-01,20,5,0.04246,0.05131
2026-08-01,21,5,0.04307,0.0509
2026-08-01,22,5,0.04448,0.05283
2026-08-01,23,5,0.03975,0.04728
2026-08-01,0,6,0.04354,0.04919
2026-08-01,1,6,0.04488,0.05081
2026-08-01,2,6,0.0418,0.05047
2026-08-01,3,6,0.04576,0.05548
2026-08-01,4,6,0.04431,0.05296
2026-08-01,5,6,0.04342,0.05253
2026-08-01,6,6,0.04291,0.05143
2026-08-01,7,6,0.03985,0.04685
2026-08-01,8,6,0.04244,0.05309
2026-08-01,9,6,0.043,0.05377
2026-08-01,10,6,0.04324,0.05117
2026-08-01,11,6,0.04637,0.05477
2026-08-01,12,6,0.04186,0.05191
2026-08-01,13,6,0.04186,0.05058
2026-08-01,14,6,0.04318,0.05371
2026-08-01,15,6,0.0452,0.05648
2026-08-01,16,6,0.04294,0.05039
2026-08-01,17,6,0.04308,0.05158
2026-08-01,18,6,0.04221,0.05136
2026-08-01,19,6,0.04485,0.05187
2026-08-01,20,6,0.04431,0.05112
2026-08-01,21,6,0.04229,0.04967
2026-08-01,22,6,0.04146,0.05087
2026-08-01,23,6,0.04364,0.05187
2026-08-01,0,7,0.04008,0.04771
2026-08-01,1,7,0.04817,0.05709
2026-08-01,2,7,0.04672,0.05525
2026-08-01,3,7,0.04181,0.05078
2026-08-01,4,7,0.04467,0.05317
2026-08-01,5,7,0.04369,0.05193
2026-08-01,6,7,0.04326,0.05106
2026-08-01,7,7,0.04195,0.0503
2026-08-01,8,7,0.04277,0.05201
2026-08-01,9,7,0.04395,0.05216
2026-08-01,10,7,0.04477,0.05456
2026-08-01,11,7,0.04129,0.05108
2026-08-01,12,7,0.04044,0.05004
2026-08-01,13,7,0.04285,0.05376
2026-08-01,14,7,0.04135,0.05123
2026-08-01,15,7,0.04409,0.05679
2026-08-01,16,7,0.04149,0.05133
2026-08-01,17,7,0.04324,0.05272
2026-08-01,18,7,0.04347,0.05018
2026-08-01,19,7,0.04374,0.05099
2026-08-01,20,7,0.04217,0.04831
2026-08-01,21,7,0.04363,0.0505
2026-08-01,22,7,0.04266,0.05251
2026-08-01,23,7,0.04264,0.04991
2026-08-01,0,8,0.04326,0.05156
2026-08-01,1,8,0.04305,0.05053
2026-08-01,2,8,0.04327,0.05052
2026-08-01,3,8,0.04343,0.05088
2026-08-01,4,8,0.04243,0.05136
2026-08-01,5,8,0.04186,0.05051
2026-08-01,6,8,0.04438,0.05392
2026-08-01,7,8,0.04313,0.05477
2026-08-01,8,8,0.04255,0.05196
2026-08-01,9,8,0.04303,0.0531
2026-08-01,10,8,0.04341,0.05182
2026-08-01,11,8,0.04253,0.05199
2026-08-01,12,8,0.04135,0.05075
2026-08-01,13,8,0.04345,0.05234
2026-08-01,14,8,0.04401,0.05382
2026-08-01,15,8,0.04128,0.05186
2026-08-01,16,8,0.04378,0.05451
2026-08-01,17,8,0.04168,0.05108
2026-08-01,18,8,0.04165,0.04974
2026-08-01,19,8,0.04345,0.05096
2026-08-01,20,8,0.04095,0.04799
2026-08-01,21,8,0.04022,0.04913
2026-08-01,22,8,0.04501,0.05224
2026-08-01,23,8,0.043,0.05062
2026-08-01,0,9,0.0406,0.05044
2026-08-01,1,9,0.04265,0.04884
2026-08-01,2,9,0.04293,0.05239
2026-08-01,3,9,0.04113,0.04713
2026-08-01,4,9,0.04251,0.04912
2026-08-01,5,9,0.04486,0.05342
2026-08-01,6,9,0.04152,0.05057
2026-08-01,7,9,0.04353,0.05242
2026-08-01,8,9,0.04053,0.05046
2026-08-01,9,9,0.04167,0.05151
2026-08-01,10,9,0.04189,0.05237
2026-08-01,11,9,0.04355,0.052
2026-08-01,12,9,0.04111,0.05234
2026-08-01,13,9,0.04155,0.05361
2026-08-01,14,9,0.04361,0.05494
2026-08-01,15,9,0.04359,0.05185
2026-08-01,16,9,0.04362,0.05401
2026-08-01,17,9,0.04548,0.05331
2026-08-01,18,9,0.04217,0.05116
2026-08-01,19,9,0.04419,0.05126
2026-08-01,20,9,0.04392,0.05291
2026-08-01,21,9,0.04306,0.04919
2026-08-01,22,9,0.04395,0.05205
2026-08-01,23,9,0.04253,0.04979
2026-08-01,0,10,0.04505,0.05411
2026-08-01,1,10,0.04686,0.05474
2026-08-01,2,10,0.04392,0.05286
2026-08-01,3,10,0.04262,0.04963
2026-08-01,4,10,0.04339,0.05364
2026-08-01,5,10,0.04145,0.05266
2026-08-01,6,10,0.04226,0.05512
2026-08-01,7,10,0.04315,0.05264
2026-08-01,8,10,0.04247,0.05198
2026-08-01,9,10,0.04455,0.05436
2026-08-01,10,10,0.04399,0.05535
2026-08-01,11,10,0.04105,0.05182
2026-08-01,12,10,0.04337,0.05242
2026-08-01,13,10,0.0423,0.05181
2026-08-01,14,10,0.03997,0.05075
2026-08-01,15,10,0.04215,0.05288
2026-08-01,16,10,0.0417,0.05076
2026-08-01,17,10,0.04384,0.05105
2026-08-01,18,10,0.0456,0.05483
2026-08-01,19,10,0.04131,0.05039
2026-08-01,20,10,0.04064,0.04857
2026-08-01,21,10,0.04522,0.05447
2026-08-01,22,10,0.04234,0.05186
2026-08-01,23,10,0.04363,0.04955
2026-08-01,0,11,0.04196,0.04958
2026-08-01,1,11,0.04115,0.04938
2026-08-01,2,11,0.04524,0.05235
2026-08-01,3,11,0.04474,0.05357
2026-08-01,4,11,0.04358,0.05285
2026-08-01,5,11,0.04131,0.0528
2026-08-01,6,11,0.04003,0.04876
2026-08-01,7,11,0.04211,0.04988
2026-08-01,8,11,0.04297,0.05502
2026-08-01,9,11,0.04162,0.05226
2026-08-01,10,11,0.04388,0.05565
2026-08-01,11,11,0.04163,0.05414
2026-08-01,12,11,0.04566,0.0549
2026-08-01,13,11,0.04266,0.05372
2026-08-01,14,11,0.04143,0.04908
2026-08-01,15,11,0.04169,0.05091
2026-08-01,16,11,0.04379,0.05456
2026-08-01,17,11,0.04162,0.05102
2026-08-01,18,11,0.04293,0.0511
2026-08-01,19,11,0.04397,0.05132
2026-08-01,20,11,0.04242,0.05202
2026-08-01,21,11,0.04062,0.04796
2026-08-01,22,11,0.04417,0.05153
2026-08-01,23,11,0.04434,0.05187
2026-08-01,0,12,0.04333,0.05289
2026-08-01,1,12,0.04507,0.05398
2026-08-01,2,12,0.04158,0.05073
2026-08-01,3,12,0.04624,0.05545
2026-08-01,4,12,0.04393,0.05089
2026-08-01,5,12,0.04388,0.05212
2026-08-01,6,12,0.04121,0.04898
2026-08-01,7,12,0.04176,0.05188
2026-08-01,8,12,0.03792,0.0496
2026-08-01,9,12,0.04381,0.05533
2026-08-01,10,12,0.0408,0.04951
2026-08-01,11,12,0.04368,0.05351
2026-08-01,12,12,0.04104,0.05194
2026-08-01,13,12,0.04051,0.05393
2026-08-01,14,12,0.04372,0.05391
2026-08-01,15,12,0.03926,0.05034
2026-08-01,16,12,0.04419,0.05321
2026-08-01,17,12,0.04384,0.05367
2026-08-01,18,12,0.04089,0.04977
2026-08-01,19,12,0.04112,0.05186
2026-08-01,20,12,0.04248,0.04911
2026-08-01,21,12,0.04204,0.05145
2026-08-01,22,12,0.04384,0.05222
2026-08-01,23,12,0.0435,0.05266
2026-08-01,0,13,0.04308,0.0525
2026-08-01,1,13,0.04112,0.04781
2026-08-01,2,13,0.04322,0.05289
2026-08-01,3,13,0.04307,0.05095
2026-08-01,4,13,0.04573,0.05533
2026-08-01,5,13,0.04271,0.05166
2026-08-01,6,13,0.04278,0.05398
2026-08-01,7,13,0.04255,0.05227
2026-08-01,8,13,0.04404,0.05591
2026-08-01,9,13,0.04398,0.05406
2026-08-01,10,13,0.04241,0.05332
2026-08-01,11,13,0.04336,0.05206
2026-08-01,12,13,0.04269,0.05409
2026-08-01,13,13,0.0437,0.05485
2026-08-01,14,13,0.04236,0.05335
2026-08-01,15,13,0.04347,0.05339
2026-08-01,16,13,0.04305,0.05283
2026-08-01,17,13,0.04558,0.0543
2026-08-01,18,13,0.04215,0.05057
2026-08-01,19,13,0.0418,0.0504
2026-08-01,20,13,0.03928,0.04893
2026-08-01,21,13,0.03905,0.04758
2026-08-01,22,13,0.04614,0.05312
2026-08-01,23,13,0.0442,0.05146
2026-08-01,0,14,0.04301,0.04985
2026-08-01,1,14,0.04113,0.04936
2026-08-01,2,14,0.0427,0.05254
2026-08-01,3,14,0.04421,0.05445
2026-08-01,4,14,0.04201,0.05313
2026-08-01,5,14,0.04192,0.05296
2026-08-01,6,14,0.04424,0.05459
2026-08-01,7,14,0.04228,0.05126
2026-08-01,8,14,0.04111,0.05168
2026-08-01,9,14,0.04458,0.05582
2026-08-01,10,14,0.04252,0.05518
2026-08-01,11,14,0.04143,0.05253
2026-08-01,12,14,0.04254,0.05217
2026-08-01,13,14,0.04315,0.05668
2026-08-01,14,14,0.04415,0.05596
2026-08-01,15,14,0.0424,0.05495
2026-08-01,16,14,0.04097,0.05008
2026-08-01,17,14,0.04291,0.05273
2026-08-01,18,14,0.04488,0.05516
2026-08-01,19,14,0.04369,0.0507
2026-08-01,20,14,0.04292,0.05183
2026-08-01,21,14,0.04464,0.05343
2026-08-01,22,14,0.04326,0.05238
2026-08-01,23,14,0.04529,0.05354
2026-08-01,0,15,0.0439,0.05236
2026-08-01,1,15,0.04305,0.05229
2026-08-01,2,15,0.0434,0.05257
2026-08-01,3,15,0.04194,0.04996
2026-08-01,4,15,0.04323,0.04969
2026-08-01,5,15,0.04191,0.05058
2026-08-01,6,15,0.03978,0.04882
2026-08-01,7,15,0.04186,0.05098
2026-08-01,8,15,0.04152,0.05093
2026-08-01,9,15,0.04146,0.05179
2026-08-01,10,15,0.04177,0.05248
2026-08-01,11,15,0.04146,0.05173
2026-08-01,12,15,0.04182,0.05366
2026-08-01,13,15,0.04276,0.0536
2026-08-01,14,15,0.04253,0.05189
2026-08-01,15,15,0.0443,0.05385
2026-08-01,16,15,0.04195,0.05069
2026-08-01,17,15,0.04208,0.05062
2026-08-01,18,15,0.04517,0.05475
2026-08-01,19,15,0.04314,0.05205
2026-08-01,20,15,0.04149,0.05046
2026-08-01,21,15,0.04606,0.05535
2026-08-01,22,15,0.04427,0.05066
2026-08-01,23,15,0.04082,0.04907
2026-08-01,0,16,0.04043,0.04838
2026-08-01,1,16,0.04052,0.04868
2026-08-01,2,16,0.04305,0.05152
2026-08-01,3,16,0.04361,0.05304
2026-08-01,4,16,0.04122,0.04918
2026-08-01,5,16,0.04166,0.04967
2026-08-01,6,16,0.04387,0.05131
2026-08-01,7,16,0.04454,0.05404
2026-08-01,8,16,0.04194,0.05062
2026-08-01,9,16,0.04207,0.05479
2026-08-01,10,16,0.0426,0.05167
2026-08-01,11,16,0.0416,0.05132
2026-08-01,12,16,0.04329,0.05242
2026-08-01,13,16,0.04376,0.05266
2026-08-01,14,16,0.04116,0.05162
2026-08-01,15,16,0.0443,0.05465
2026-08-01,16,16,0.04235,0.05132
2026-08-01,17,16,0.04331,0.05367
2026-08-01,18,16,0.04313,0.05222
2026-08-01,19,16,0.0413,0.05084
2026-08-01,20,16,0.04114,0.04707
2026-08-01,21,16,0.0434,0.0494
2026-08-01,22,16,0.04411,0.05111
2026-08-01,23,16,0.04486,0.05271
2026-08-01,0,17,0.04614,0.05207
2026-08-01,1,17,0.04461,0.05212
2026-08-01,2,17,0.04505,0.05195
2026-08-01,3,17,0.04277,0.05179
2026-08-01,4,17,0.04373,0.05071
2026-08-01,5,17,0.04122,0.05064
2026-08-01,6,17,0.04381,0.05277
2026-08-01,7,17,0.04169,0.04955
2026-08-01,8,17,0.04524,0.05707
2026-08-01,9,17,0.04393,0.05154
2026-08-01,10,17,0.04307,0.05241
2026-08-01,11,17,0.04262,0.05052
2026-08-01,12,17,0.04459,0.05424
2026-08-01,13,17,0.04406,0.05346
2026-08-01,14,17,0.04193,0.05105
2026-08-01,15,17,0.04438,0.05073
2026-08-01,16,17,0.0433,0.05114
2026-08-01,17,17,0.04376,0.0528
2026-08-01,18,17,0.04292,0.05028
2026-08-01,19,17,0.04332,0.05027
2026-08-01,20,17,0.04282,0.05152
2026-08-01,21,17,0.04355,0.05355
2026-08-01,22,17,0.04322,0.05098
2026-08-01,23,17,0.04427,0.05178
2026-08-01,0,18,0.04357,0.05112
2026-08-01,1,18,0.04384,0.05217
2026-08-01,2,18,0.04405,0.05102
2026-08-01,3,18,0.04295,0.05431
2026-08-01,4,18,0.04724,0.05777
2026-08-01,5,18,0.04158,0.05016
2026-08-01,6,18,0.04271,0.05085
2026-08-01,7,18,0.04359,0.05177
2026-08-01,8,18,0.04323,0.05185
2026-08-01,9,18,0.04223,0.05238
2026-08-01,10,18,0.04191,0.05185
2026-08-01,11,18,0.04149,0.04946
2026-08-01,12,18,0.04342,0.05142
2026-08-01,13,18,0.04633,0.05409
2026-08-01,14,18,0.04271,0.05146
2026-08-01,15,18,0.04402,0.05313
2026-08-01,16,18,0.04279,0.05033
2026-08-01,17,18,0.04279,0.05308
2026-08-01,18,18,0.04405,0.05375
2026-08-01,19,18,0.04534,0.05455
2026-08-01,20,18,0.04284,0.0532
2026-08-01,21,18,0.04297,0.05083
2026-08-01,22,18,0.04656,0.0523
2026-08-01,23,18,0.04444,0.05126
2026-08-01,0,19,0.04201,0.0488
2026-08-01,1,19,0.04306,0.05031
2026-08-01,2,19,0.04075,0.04862
2026-08-01,3,19,0.04086,0.0494
2026-08-01,4,19,0.04077,0.0493
2026-08-01,5,19,0.04542,0.05441
2026-08-01,6,19,0.04183,0.05224
2026-08-01,7,19,0.04002,0.049
2026-08-01,8,19,0.04158,0.05025
2026-08-01,9,19,0.04352,0.05276
2026-08-01,10,19,0.04189,0.0499
2026-08-01,11,19,0.04211,0.05199
2026-08-01,12,19,0.04188,0.05138
2026-08-01,13,19,0.04403,0.05147
2026-08-01,14,19,0.0429,0.05458
2026-08-01,15,19,0.04317,0.05224
2026-08-01,16,19,0.04433,0.05279
2026-08-01,17,19,0.04144,0.04995
2026-08-01,18,19,0.04371,0.05252
2026-08-01,19,19,0.04363,0.05097
2026-08-01,20,19,0.04231,0.04855
2026-08-01,21,19,0.04429,0.05175
2026-08-01,22,19,0.04256,0.05071
2026-08-01,23,19,0.04497,0.05213
2026-08-01,0,20,0.04441,0.05142
2026-08-01,1,20,0.04609,0.05247
2026-08-01,2,20,0.0423,0.04978
2026-08-01,3,20,0.04493,0.05459
2026-08-01,4,20,0.03997,0.0479
2026-08-01,5,20,0.04128,0.04883
2026-08-01,6,20,0.04188,0.0503
2026-08-01,7,20,0.04194,0.05061
2026-08-01,8,20,0.04337,0.05136
2026-08-01,9,20,0.03982,0.04883
2026-08-01,10,20,0.04301,0.05101
2026-08-01,11,20,0.04341,0.05161
2026-08-01,12,20,0.04224,0.05081
2026-08-01,13,20,0.04396,0.05309
2026-08-01,14,20,0.04382,0.05146
2026-08-01,15,20,0.04453,0.05309
2026-08-01,16,20,0.04318,0.05213
2026-08-01,17,20,0.04277,0.05216
2026-08-01,18,20,0.04195,0.05076
2026-08-01,19,20,0.04416,0.05149
2026-08-01,20,20,0.04354,0.05113
2026-08-01,21,20,0.04592,0.05106
2026-08-01,22,20,0.04361,0.05256
2026-08-01,23,20,0.04355,0.0518
2026-08-01,0,21,0.04357,0.05257
2026-08-01,1,21,0.04317,0.05193
2026-08-01,2,21,0.04365,0.05327
2026-08-01,3,21,0.04638,0.05207
2026-08-01,4,21,0.04305,0.05052
2026-08-01,5,21,0.04483,0.05621
2026-08-01,6,21,0.04576,0.05099
2026-08-01,7,21,0.04383,0.05254
2026-08-01,8,21,0.04662,0.05389
2026-08-01,9,21,0.04407,0.05355
2026-08-01,10,21,0.04189,0.04938
2026-08-01,11,21,0.04097,0.04912
2026-08-01,12,21,0.04416,0.05246
2026-08-01,13,21,0.04431,0.05386
2026-08-01,14,21,0.04455,0.05425
2026-08-01,15,21,0.0425,0.04969
2026-08-01,16,21,0.03954,0.04592
2026-08-01,17,21,0.04166,0.0498
2026-08-01,18,21,0.04284,0.05072
2026-08-01,19,21,0.0421,0.04945
2026-08-01,20,21,0.04205,0.05056
2026-08-01,21,21,0.04259,0.04985
2026-08-01,22,21,0.04297,0.04979
2026-08-01,23,21,0.04311,0.04992
2026-08-01,0,22,0.04139,0.04966
2026-08-01,1,22,0.04131,0.04994
2026-08-01,2,22,0.04395,0.05354
2026-08-01,3,22,0.04431,0.05314
2026-08-01,4,22,0.04351,0.04907
2026-08-01,5,22,0.04186,0.04964
2026-08-01,6,22,0.04492,0.05111
2026-08-01,7,22,0.04391,0.05139
2026-08-01,8,22,0.04363,0.05087
2026-08-01,9,22,0.04218,0.05101
2026-08-01,10,22,0.04176,0.04996
2026-08-01,11,22,0.04249,0.04916
2026-08-01,12,22,0.0467,0.05321
2026-08-01,13,22,0.0458,0.05271
2026-08-01,14,22,0.04183,0.05081
2026-08-01,15,22,0.04406,0.05082
2026-08-01,16,22,0.04324,0.05044
2026-08-01,17,22,0.04332,0.05339
2026-08-01,18,22,0.04408,0.05162
2026-08-01,19,22,0.04565,0.05438
2026-08-01,20,22,0.04333,0.05242
2026-08-01,21,22,0.04301,0.05153
2026-08-01,22,22,0.04428,0.05263
2026-08-01,23,22,0.04322,0.05089
2026-08-01,0,23,0.04562,0.05191
2026-08-01,1,23,0.04511,0.05337
2026-08-01,2,23,0.04324,0.04808
2026-08-01,3,23,0.04334,0.04977
2026-08-01,4,23,0.04164,0.05034
2026-08-01,5,23,0.04249,0.0516
2026-08-01,6,23,0.04553,0.05131
2026-08-01,7,23,0.04109,0.05024
2026-08-01,8,23,0.04355,0.05203
2026-08-01,9,23,0.04341,0.05189
2026-08-01,10,23,0.04533,0.05238
2026-08-01,11,23,0.0442,0.04968
2026-08-01,12,23,0.04545,0.05339
2026-08-01,13,23,0.04238,0.04937
2026-08-01,14,23,0.0435,0.05279
2026-08-01,15,23,0.04473,0.0508
2026-08-01,16,23,0.04361,0.05029
2026-08-01,17,23,0.04463,0.05106
2026-08-01,18,23,0.04527,0.05176
2026-08-01,19,23,0.04762,0.05611
2026-08-01,20,23,0.0443,0.05472
2026-08-01,21,23,0.04475,0.05172
2026-08-01,22,23,0.04171,0.04887
2026-08-01,23,23,0.04151,0.04855
2026-08-07,0,0,0.03706,0.06114
2026-08-07,1,0,0.03577,0.05574
2026-08-07,2,0,0.03472,0.05666
2026-08-07,3,0,0.03604,0.05674
2026-08-07,4,0,0.03684,0.05944
2026-08-07,5,0,0.03639,0.05999
2026-08-07,6,0,0.03658,0.05918
2026-08-07,7,0,0.0383,0.05932
2026-08-07,8,0,0.03674,0.05845
2026-08-07,9,0,0.0337,0.05674
2026-08-07,10,0,0.03588,0.05866
2026-08-07,11,0,0.03703,0.05818
2026-08-07,12,0,0.03839,0.0616
2026-08-07,13,0,0.03456,0.05616
2026-08-07,14,0,0.03518,0.05613
2026-08-07,15,0,0.03508,0.05869
2026-08-07,16,0,0.0367,0.06022
2026-08-07,17,0,0.03731,0.05965
2026-08-07,18,0,0.03721,0.06154
2026-08-07,19,0,0.03712,0.05776
2026-08-07,20,0,0.03644,0.05738
2026-08-07,21,0,0.03654,0.0592
2026-08-07,22,0,0.03732,0.06084
2026-08-07,23,0,0.0355,0.05603
2026-08-07,0,1,0.03647,0.05835
2026-08-07,1,1,0.03748,0.05857
2026-08-07,2,1,0.03775,0.0599
2026-08-07,3,1,0.03849,0.06324
2026-08-07,4,1,0.03379,0.05607
2026-08-07,5,1,0.0366,0.05819
2026-08-07,6,1,0.03494,0.05727
2026-08-07,7,1,0.0374,0.06105
2026-08-07,8,1,0.03472,0.05741
2026-08-07,9,1,0.03666,0.05803
2026-08-07,10,1,0.03531,0.05581
2026-08-07,11,1,0.03632,0.05768
2026-08-07,12,1,0.03975,0.06376
2026-08-07,13,1,0.03724,0.05955
2026-08-07,14,1,0.03949,0.0623
2026-08-07,15,1,0.03591,0.05907
2026-08-07,16,1,0.03515,0.05844
2026-08-07,17,1,0.03898,0.06187
2026-08-07,18,1,0.03712,0.06158
2026-08-07,19,1,0.03685,0.05933
2026-08-07,20,1,0.03686,0.05887
2026-08-07,21,1,0.03723,0.05995
2026-08-07,22,1,0.03507,0.05741
2026-08-07,23,1,0.03866,0.05771
2026-08-07,0,2,0.03517,0.05442
2026-08-07,1,2,0.03716,0.06053
2026-08-07,2,2,0.0358,0.05722
2026-08-07,3,2,0.03519,0.059
2026-08-07,4,2,0.03722,0.062
2026-08-07,5,2,0.03656,0.05843
2026-08-07,6,2,0.03466,0.05451
2026-08-07,7,2,0.03533,0.05644
2026-08-07,8,2,0.03492,0.05624
2026-08-07,9,2,0.03497,0.05971
2026-08-07,10,2,0.03628,0.0588
2026-08-07,11,2,0.03461,0.05607
2026-08-07,12,2,0.0355,0.05688
2026-08-07,13,2,0.03558,0.05861
2026-08-07,14,2,0.03824,0.05885
2026-08-07,15,2,0.03718,0.05693
2026-08-07,16,2,0.03488,0.05734
2026-08-07,17,2,0.03294,0.05626
2026-08-07,18,2,0.03592,0.05853
2026-08-07,19,2,0.03848,0.06057
2026-08-07,20,2,0.03302,0.05538
2026-08-07,21,2,0.03764,0.05993
2026-08-07,22,2,0.03812,0.05932
2026-08-07,23,2,0.03529,0.05583
2026-08-07,0,3,0.03497,0.05749
2026-08-07,1,3,0.03863,0.06095
2026-08-07,2,3,0.03741,0.06127
2026-08-07,3,3,0.03808,0.06074
2026-08-07,4,3,0.03728,0.05878
2026-08-07,5,3,0.0362,0.05713
2026-08-07,6,3,0.03717,0.05981
2026-08-07,7,3,0.03592,0.05935
2026-08-07,8,3,0.03563,0.05755
2026-08-07,9,3,0.03485,0.05494
2026-08-07,10,3,0.03775,0.06183
2026-08-07,11,3,0.03647,0.05956
2026-08-07,12,3,0.03403,0.05738
2026-08-07,13,3,0.03592,0.05868
2026-08-07,14,3,0.03744,0.06187
2026-08-07,15,3,0.03741,0.06062
2026-08-07,16,3,0.03757,0.06102
2026-08-07,17,3,0.03823,0.059
2026-08-07,18,3,0.03586,0.05679
2026-08-07,19,3,0.03705,0.06061
2026-08-07,20,3,0.03583,0.05647
2026-08-07,21,3,0.03501,0.05669
2026-08-07,22,3,0.03796,0.06084
2026-08-07,23,3,0.03758,0.06115
2026-08-07,0,4,0.03709,0.05868
2026-08-07,1,4,0.03492,0.05672
2026-08-07,2,4,0.03699,0.05929
2026-08-07,3,4,0.03748,0.05933
2026-08-07,4,4,0.03343,0.05329
2026-08-07,5,4,0.03637,0.05811
2026-08-07,6,4,0.03462,0.05524
2026-08-07,7,4,0.03481,0.05883
2026-08-07,8,4,0.03643,0.06188
2026-08-07,9,4,0.03367,0.05713
2026-08-07,10,4,0.03695,0.06102
2026-08-07,11,4,0.0366,0.05954
2026-08-07,12,4,0.03556,0.05936
2026-08-07,13,4,0.03511,0.05823
2026-08-07,14,4,0.03635,0.05846
2026-08-07,15,4,0.03492,0.05775
2026-08-07,16,4,0.03849,0.06196
2026-08-07,17,4,0.03779,0.06143
2026-08-07,18,4,0.03593,0.05901
2026-08-07,19,4,0.03596,0.05814
2026-08-07,20,4,0.03622,0.05802
2026-08-07,21,4,0.03703,0.06025
2026-08-07,22,4,0.03813,0.06045
2026-08-07,23,4,0.03593,0.05691
2026-08-07,0,5,0.03828,0.06161
2026-08-07,1,5,0.03757,0.05979
2026-08-07,2,5,0.03547,0.05898
2026-08-07,3,5,0.03626,0.05964
2026-08-07,4,5,0.0375,0.05883
2026-08-07,5,5,0.03692,0.05807
2026-08-07,6,5,0.03742,0.0606
2026-08-07,7,5,0.03455,0.0566
2026-08-07,8,5,0.03596,0.05971
2026-08-07,9,5,0.03789,0.05921
2026-08-07,10,5,0.0361,0.06002
2026-08-07,11,5,0.03422,0.05831
2026-08-07,12,5,0.03691,0.06112
2026-08-07,13,5,0.03718,0.06345
2026-08-07,14,5,0.03588,0.05777
2026-08-07,15,5,0.03427,0.05505
2026-08-07,16,5,0.03515,0.05727
2026-08-07,17,5,0.03668,0.0615
2026-08-07,18,5,0.03761,0.06004
2026-08-07,19,5,0.03551,0.05861
2026-08-07,20,5,0.03753,0.05894
2026-08-07,21,5,0.03755,0.05956
2026-08-07,22,5,0.03431,0.05555
2026-08-07,23,5,0.03516,0.05532
2026-08-07,0,6,0.03771,0.06138
2026-08-07,1,6,0.0368,0.05749
2026-08-07,2,6,0.03771,0.05954
2026-08-07,3,6,0.03635,0.05881
2026-08-07,4,6,0.03678,0.05835
2026-08-07,5,6,0.03513,0.05701
2026-08-07,6,6,0.03524,0.05563
2026-08-07,7,6,0.03331,0.05655
2026-08-07,8,6,0.03611,0.062
2026-08-07,9,6,0.03456,0.0575
2026-08-07,10,6,0.03533,0.06126
2026-08-07,11,6,0.03572,0.05804
2026-08-07,12,6,0.03362,0.05808
2026-08-07,13,6,0.03488,0.05781
2026-08-07,14,6,0.03485,0.05798
2026-08-07,15,6,0.03294,0.0556
2026-08-07,16,6,0.0364,0.05992
2026-08-07,17,6,0.03598,0.0601
2026-08-07,18,6,0.03784,0.05891
2026-08-07,19,6,0.03692,0.05814
2026-08-07,20,6,0.03656,0.06024
2026-08-07,21,6,0.03608,0.05977
2026-08-07,22,6,0.03623,0.05732
2026-08-07,23,6,0.03688,0.0612
2026-08-07,0,7,0.03884,0.06073
2026-08-07,1,7,0.03264,0.05533
2026-08-07,2,7,0.03642,0.05918
2026-08-07,3,7,0.03746,0.05952
2026-08-07,4,7,0.0341,0.05633
2026-08-07,5,7,0.03514,0.05915
2026-08-07,6,7,0.03569,0.05923
2026-08-07,7,7,0.03567,0.06081
2026-08-07,8,7,0.03738,0.06062
2026-08-07,9,7,0.03495,0.05767
2026-08-07,10,7,0.03684,0.05896
2026-08-07,11,7,0.03588,0.06101
2026-08-07,12,7,0.03745,0.06359
2026-08-07,13,7,0.03559,0.0609
2026-08-07,14,7,0.03473,0.05814
2026-08-07,15,7,0.03636,0.05903
2026-08-07,16,7,0.03611,0.05896
2026-08-07,17,7,0.0359,0.06172
2026-08-07,18,7,0.03604,0.06069
2026-08-07,19,7,0.03566,0.05615
2026-08-07,20,7,0.03667,0.06116
2026-08-07,21,7,0.03576,0.05909
2026-08-07,22,7,0.03817,0.05929
2026-08-07,23,7,0.03559,0.05866
2026-08-07,0,8,0.03724,0.05928
2026-08-07,1,8,0.03705,0.05811
2026-08-07,2,8,0.03631,0.05653
2026-08-07,3,8,0.03444,0.05739
2026-08-07,4,8,0.03638,0.05685
2026-08-07,5,8,0.03524,0.0573
2026-08-07,6,8,0.03466,0.057
2026-08-07,7,8,0.03668,0.06108
2026-08-07,8,8,0.03546,0.05792
2026-08-07,9,8,0.03523,0.05891
2026-08-07,10,8,0.03584,0.06082
2026-08-07,11,8,0.03703,0.06362
2026-08-07,12,8,0.03381,0.05705
2026-08-07,13,8,0.03553,0.06095
2026-08-07,14,8,0.03694,0.06376
2026-08-07,15,8,0.03527,0.06174
2026-08-07,16,8,0.03444,0.05832
2026-08-07,17,8,0.03284,0.05417
2026-08-07,18,8,0.03645,0.05811
2026-08-07,19,8,0.03494,0.05817
2026-08-07,20,8,0.03618,0.06212
2026-08-07,21,8,0.03389,0.05706
2026-08-07,22,8,0.03851,0.06119
2026-08-07,23,8,0.03668,0.06067
2026-08-07,0,9,0.0373,0.06047
2026-08-07,1,9,0.03511,0.05491
2026-08-07,2,9,0.03825,0.06291
2026-08-07,3,9,0.03584,0.05987
2026-08-07,4,9,0.03475,0.05634
2026-08-07,5,9,0.03572,0.05794
2026-08-07,6,9,0.03587,0.06091
2026-08-07,7,9,0.03452,0.05835
2026-08-07,8,9,0.03585,0.05883
2026-08-07,9,9,0.03503,0.06036
2026-08-07,10,9,0.03196,0.05712
2026-08-07,11,9,0.0339,0.05825
2026-08-07,12,9,0.0377,0.06128
2026-08-07,13,9,0.03451,0.05875
2026-08-07,14,9,0.03523,0.05909
2026-08-07,15,9,0.03577,0.05941
2026-08-07,16,9,0.03473,0.05857
2026-08-07,17,9,0.03536,0.05972
2026-08-07,18,9,0.03466,0.05729
2026-08-07,19,9,0.03566,0.05919
2026-08-07,20,9,0.03957,0.06122
2026-08-07,21,9,0.03599,0.05753
2026-08-07,22,9,0.03415,0.05806
2026-08-07,23,9,0.03678,0.05957
2026-08-07,0,10,0.03606,0.05805
2026-08-07,1,10,0.03473,0.05786
2026-08-07,2,10,0.03534,0.05638
2026-08-07,3,10,0.03617,0.06069
2026-08-07,4,10,0.03487,0.05665
2026-08-07,5,10,0.03737,0.0631
2026-08-07,6,10,0.03587,0.06022
2026-08-07,7,10,0.03525,0.05971
2026-08-07,8,10,0.03573,0.05981
2026-08-07,9,10,0.03644,0.06174
2026-08-07,10,10,0.03459,0.06068
2026-08-07,11,10,0.03389,0.05608
2026-08-07,12,10,0.03662,0.06342
2026-08-07,13,10,0.03429,0.05897
2026-08-07,14,10,0.0342,0.06005
2026-08-07,15,10,0.03483,0.05868
2026-08-07,16,10,0.0354,0.06093
2026-08-07,17,10,0.0365,0.06073
2026-08-07,18,10,0.03713,0.06036
2026-08-07,19,10,0.03677,0.0576
2026-08-07,20,10,0.03743,0.06248
2026-08-07,21,10,0.0384,0.0621
2026-08-07,22,10,0.03517,0.05633
2026-08-07,23,10,0.03599,0.05678
2026-08-07,0,11,0.03733,0.05987
2026-08-07,1,11,0.03473,0.05652
2026-08-07,2,11,0.03612,0.05774
2026-08-07,3,11,0.03579,0.05977
2026-08-07,4,11,0.03784,0.06087
2026-08-07,5,11,0.03385,0.05935
2026-08-07,6,11,0.03505,0.0598
2026-08-07,7,11,0.03407,0.05552
2026-08-07,8,11,0.03622,0.05809
2026-08-07,9,11,0.03383,0.06081
2026-08-07,10,11,0.03523,0.06156
2026-08-07,11,11,0.03679,0.06398
2026-08-07,12,11,0.03626,0.06114
2026-08-07,13,11,0.03484,0.06194
2026-08-07,14,11,0.03577,0.05898
2026-08-07,15,11,0.03565,0.06207
2026-08-07,16,11,0.03438,0.05512
2026-08-07,17,11,0.03623,0.06137
2026-08-07,18,11,0.03541,0.05987
2026-08-07,19,11,0.03628,0.06003
2026-08-07,20,11,0.03514,0.05477
2026-08-07,21,11,0.03844,0.06178
2026-08-07,22,11,0.03778,0.06117
2026-08-07,23,11,0.03594,0.05776
2026-08-07,0,12,0.03609,0.05802
2026-08-07,1,12,0.0373,0.0598
2026-08-07,2,12,0.03793,0.06004
2026-08-07,3,12,0.03643,0.05821
2026-08-07,4,12,0.03548,0.05769
2026-08-07,5,12,0.03621,0.0588
2026-08-07,6,12,0.03787,0.06258
2026-08-07,7,12,0.03722,0.06053
2026-08-07,8,12,0.0353,0.06124
2026-08-07,9,12,0.03641,0.06119
2026-08-07,10,12,0.03526,0.05972
2026-08-07,11,12,0.03279,0.0575
2026-08-07,12,12,0.03511,0.05802
2026-08-07,13,12,0.03516,0.06347
2026-08-07,14,12,0.03457,0.05976
2026-08-07,15,12,0.03497,0.06085
2026-08-07,16,12,0.03591,0.06108
2026-08-07,17,12,0.03761,0.06131
2026-08-07,18,12,0.03662,0.06071
2026-08-07,19,12,0.0363,0.05969
2026-08-07,20,12,0.03668,0.06139
2026-08-07,21,12,0.03699,0.06132
2026-08-07,22,12,0.03717,0.0602
2026-08-07,23,12,0.03648,0.06108
2026-08-07,0,13,0.03722,0.06008
2026-08-07,1,13,0.03891,0.06256
2026-08-07,2,13,0.03475,0.05608
2026-08-07,3,13,0.03739,0.05883
2026-08-07,4,13,0.03575,0.06097
2026-08-07,5,13,0.03598,0.05981
2026-08-07,6,13,0.03566,0.06018
2026-08-07,7,13,0.03433,0.05938
2026-08-07,8,13,0.03646,0.06277
2026-08-07,9,13,0.03537,0.05756
2026-08-07,10,13,0.03617,0.06322
2026-08-07,11,13,0.0341,0.06051
2026-08-07,12,13,0.03632,0.06306
2026-08-07,13,13,0.03535,0.06111
2026-08-07,14,13,0.03612,0.06238
2026-08-07,15,13,0.03676,0.0636
2026-08-07,16,13,0.03566,0.06233
2026-08-07,17,13,0.03531,0.05873
2026-08-07,18,13,0.03666,0.06179
2026-08-07,19,13,0.0359,0.0576
2026-08-07,20,13,0.03468,0.06017
2026-08-07,21,13,0.03614,0.05974
2026-08-07,22,13,0.03882,0.06104
2026-08-07,23,13,0.03725,0.06078
2026-08-07,0,14,0.03775,0.05979
2026-08-07,1,14,0.03762,0.06151
2026-08-07,2,14,0.036,0.05719
2026-08-07,3,14,0.03614,0.05913
2026-08-07,4,14,0.03748,0.06072
2026-08-07,5,14,0.03588,0.05826
2026-08-07,6,14,0.03698,0.06125
2026-08-07,7,14,0.03433,0.0584
2026-08-07,8,14,0.03446,0.05966
2026-08-07,9,14,0.03444,0.05844
2026-08-07,10,14,0.03373,0.05511
2026-08-07,11,14,0.03642,0.06186
2026-08-07,12,14,0.03417,0.06112
2026-08-07,13,14,0.03367,0.06306
2026-08-07,14,14,0.03483,0.06026
2026-08-07,15,14,0.03503,0.05883
2026-08-07,16,14,0.03617,0.05962
2026-08-07,17,14,0.03414,0.05525
2026-08-07,18,14,0.03611,0.05876
2026-08-07,19,14,0.03463,0.05857
2026-08-07,20,14,0.03765,0.06086
2026-08-07,21,14,0.03528,0.06055
2026-08-07,22,14,0.03631,0.05785
2026-08-07,23,14,0.03494,0.05503
2026-08-07,0,15,0.03672,0.05652
2026-08-07,1,15,0.03659,0.05755
2026-08-07,2,15,0.03515,0.0563
2026-08-07,3,15,0.03629,0.05724
2026-08-07,4,15,0.03643,0.05973
2026-08-07,5,15,0.03773,0.05995
2026-08-07,6,15,0.03527,0.05986
2026-08-07,7,15,0.03575,0.06046
2026-08-07,8,15,0.03511,0.05961
2026-08-07,9,15,0.03551,0.05773
2026-08-07,10,15,0.03468,0.06158
2026-08-07,11,15,0.03461,0.05706
2026-08-07,12,15,0.03557,0.06098
2026-08-07,13,15,0.03426,0.05696
2026-08-07,14,15,0.0343,0.06095
2026-08-07,15,15,0.03556,0.05958
2026-08-07,16,15,0.03903,0.06208
2026-08-07,17,15,0.03659,0.06013
2026-08-07,18,15,0.03546,0.05925
2026-08-07,19,15,0.0364,0.05932
2026-08-07,20,15,0.03587,0.06038
2026-08-07,21,15,0.03795,0.05934
2026-08-07,22,15,0.03341,0.05469
2026-08-07,23,15,0.03673,0.05553
2026-08-07,0,16,0.03685,0.058
2026-08-07,1,16,0.03674,0.05703
2026-08-07,2,16,0.03632,0.05901
2026-08-07,3,16,0.03411,0.05791
2026-08-07,4,16,0.03541,0.05928
2026-08-07,5,16,0.03631,0.05997
2026-08-07,6,16,0.03909,0.0644
2026-08-07,7,16,0.03511,0.06189
2026-08-07,8,16,0.03558,0.05865
2026-08-07,9,16,0.0334,0.0561
2026-08-07,10,16,0.03408,0.05634
2026-08-07,11,16,0.03529,0.06069
2026-08-07,12,16,0.03437,0.05648
2026-08-07,13,16,0.03595,0.06097
2026-08-07,14,16,0.03794,0.061
2026-08-07,15,16,0.03695,0.06132
2026-08-07,16,16,0.03663,0.06218
2026-08-07,17,16,0.03376,0.05647
2026-08-07,18,16,0.03746,0.06248
2026-08-07,19,16,0.03509,0.05664
2026-08-07,20,16,0.03699,0.0623
2026-08-07,21,16,0.03635,0.05705
2026-08-07,22,16,0.0342,0.0579
2026-08-07,23,16,0.03556,0.05671
2026-08-07,0,17,0.03486,0.05677
2026-08-07,1,17,0.03663,0.05973
2026-08-07,2,17,0.03589,0.05848
2026-08-07,3,17,0.0367,0.06101
2026-08-07,4,17,0.03683,0.05958
2026-08-07,5,17,0.03639,0.05757
2026-08-07,6,17,0.03713,0.05975
2026-08-07,7,17,0.03518,0.05986
2026-08-07,8,17,0.0366,0.06234
2026-08-07,9,17,0.03768,0.05994
2026-08-07,10,17,0.03553,0.05873
2026-08-07,11,17,0.03415,0.05623
2026-08-07,12,17,0.03524,0.06136
2026-08-07,13,17,0.03324,0.05691
2026-08-07,14,17,0.03425,0.05754
2026-08-07,15,17,0.03516,0.05956
2026-08-07,16,17,0.03399,0.0575
2026-08-07,17,17,0.0362,0.06187
2026-08-07,18,17,0.03667,0.06108
2026-08-07,19,17,0.03796,0.06155
2026-08-07,20,17,0.03697,0.05961
2026-08-07,21,17,0.03624,0.05702
2026-08-07,22,17,0.03644,0.0613
2026-08-07,23,17,0.03441,0.05694
2026-08-07,0,18,0.03746,0.06168
2026-08-07,1,18,0.03726,0.06086
2026-08-07,2,18,0.03601,0.05844
2026-08-07,3,18,0.03837,0.06101
2026-08-07,4,18,0.03723,0.06081
2026-08-07,5,18,0.03661,0.05601
2026-08-07,6,18,0.03538,0.05741
2026-08-07,7,18,0.03647,0.05923
2026-08-07,8,18,0.03534,0.06072
2026-08-07,9,18,0.03459,0.05965
2026-08-07,10,18,0.03443,0.05955
2026-08-07,11,18,0.03472,0.05771
2026-08-07,12,18,0.03414,0.05847
2026-08-07,13,18,0.03656,0.05874
2026-08-07,14,18,0.03377,0.05549
2026-08-07,15,18,0.03568,0.05764
2026-08-07,16,18,0.03606,0.05729
2026-08-07,17,18,0.0357,0.05985
2026-08-07,18,18,0.03668,0.05875
2026-08-07,19,18,0.03708,0.05906
2026-08-07,20,18,0.03607,0.06048
2026-08-07,21,18,0.03636,0.05953
2026-08-07,22,18,0.03692,0.05933
2026-08-07,23,18,0.03502,0.05664
2026-08-07,0,19,0.0374,0.05897
2026-08-07,1,19,0.03495,0.05535
2026-08-07,2,19,0.03812,0.05846
2026-08-07,3,19,0.03695,0.05852
2026-08-07,4,19,0.03522,0.05796
2026-08-07,5,19,0.03785,0.06173
2026-08-07,6,19,0.03539,0.06034
2026-08-07,7,19,0.03553,0.05741
2026-08-07,8,19,0.03607,0.05852
2026-08-07,9,19,0.03597,0.05823
2026-08-07,10,19,0.03436,0.05924
2026-08-07,11,19,0.03657,0.06183
2026-08-07,12,19,0.03464,0.05878
2026-08-07,13,19,0.03509,0.05937
2026-08-07,14,19,0.03683,0.06146
2026-08-07,15,19,0.0341,0.05586
2026-08-07,16,19,0.03462,0.0582
2026-08-07,17,19,0.03559,0.05688
2026-08-07,18,19,0.03812,0.05867
2026-08-07,19,19,0.03306,0.0539
2026-08-07,20,19,0.035,0.05571
2026-08-07,21,19,0.03581,0.05935
2026-08-07,22,19,0.0367,0.05822
2026-08-07,23,19,0.03666,0.05672
2026-08-07,0,20,0.03614,0.05791
2026-08-07,1,20,0.0381,0.06196
2026-08-07,2,20,0.03779,0.06013
2026-08-07,3,20,0.03521,0.06035
2026-08-07,4,20,0.03738,0.06034
2026-08-07,5,20,0.03816,0.06136
2026-08-07,6,20,0.03633,0.05634
2026-08-07,7,20,0.03745,0.06218
2026-08-07,8,20,0.03659,0.06015
2026-08-07,9,20,0.0359,0.05886
2026-08-07,10,20,0.03734,0.06023
2026-08-07,11,20,0.03761,0.06327
2026-08-07,12,20,0.03339,0.0583
2026-08-07,13,20,0.03654,0.05648
2026-08-07,14,20,0.03671,0.05922
2026-08-07,15,20,0.03544,0.05851
2026-08-07,16,20,0.03391,0.06066
2026-08-07,17,20,0.03783,0.06042
2026-08-07,18,20,0.03798,0.06367
2026-08-07,19,20,0.03698,0.05939
2026-08-07,20,20,0.03583,0.06024
2026-08-07,21,20,0.03956,0.06244
2026-08-07,22,20,0.0373,0.06014
2026-08-07,23,20,0.03621,0.05884
2026-08-07,0,21,0.03525,0.05706
2026-08-07,1,21,0.03516,0.05522
2026-08-07,2,21,0.03597,0.05651
2026-08-07,3,21,0.03721,0.06032
2026-08-07,4,21,0.03654,0.05773
2026-08-07,5,21,0.03936,0.0612
2026-08-07,6,21,0.03593,0.05835
2026-08-07,7,21,0.03649,0.0601
2026-08-07,8,21,0.03789,0.0613
2026-08-07,9,21,0.03773,0.06039
2026-08-07,10,21,0.03832,0.06168
2026-08-07,11,21,0.03563,0.05828
2026-08-07,12,21,0.0364,0.05998
2026-08-07,13,21,0.03415,0.05785
2026-08-07,14,21,0.03745,0.05976
2026-08-07,15,21,0.0358,0.06058
2026-08-07,16,21,0.03524,0.05631
2026-08-07,17,21,0.03824,0.06095
2026-08-07,18,21,0.03765,0.05886
2026-08-07,19,21,0.03598,0.05707
2026-08-07,20,21,0.03561,0.05809
2026-08-07,21,21,0.03815,0.05861
2026-08-07,22,21,0.03645,0.0556
2026-08-07,23,21,0.03903,0.05895
2026-08-07,0,22,0.03692,0.05944
2026-08-07,1,22,0.03746,0.05803
2026-08-07,2,22,0.03438,0.05651
2026-08-07,3,22,0.0383,0.05989
2026-08-07,4,22,0.03833,0.05759
2026-08-07,5,22,0.03534,0.05539
2026-08-07,6,22,0.03629,0.05902
2026-08-07,7,22,0.03413,0.05444
2026-08-07,8,22,0.03862,0.06053
2026-08-07,9,22,0.03604,0.05802
2026-08-07,10,22,0.03604,0.05691
2026-08-07,11,22,0.03402,0.0559
2026-08-07,12,22,0.03539,0.05657
2026-08-07,13,22,0.03722,0.05856
2026-08-07,14,22,0.03621,0.05571
2026-08-07,15,22,0.03587,0.05929
2026-08-07,16,22,0.03624,0.06074
2026-08-07,17,22,0.03784,0.0591
2026-08-07,18,22,0.03603,0.05713
2026-08-07,19,22,0.03604,0.0584
2026-08-07,20,22,0.03671,0.05645
2026-08-07,21,22,0.03612,0.05816
2026-08-07,22,22,0.03579,0.05906
2026-08-07,23,22,0.03666,0.05866
2026-08-07,0,23,0.03573,0.05787
2026-08-07,1,23,0.03447,0.05605
2026-08-07,2,23,0.03545,0.05671
2026-08-07,3,23,0.03673,0.05726
2026-08-07,4,23,0.03562,0.05559
2026-08-07,5,23,0.03644,0.05602
2026-08-07,6,23,0.03263,0.05528
2026-08-07,7,23,0.0345,0.05763
2026-08-07,8,23,0.03689,0.06174
2026-08-07,9,23,0.03504,0.05574
2026-08-07,10,23,0.03688,0.05898
2026-08-07,11,23,0.03622,0.05884
2026-08-07,12,23,0.03568,0.05732
2026-08-07,13,23,0.03482,0.05654
2026-08-07,14,23,0.0352,0.05848
2026-08-07,15,23,0.03875,0.06075
2026-08-07,16,23,0.03707,0.06105
2026-08-07,17,23,0.03697,0.05748
2026-08-07,18,23,0.03523,0.05913
2026-08-07,19,23,0.03993,0.06246
2026-08-07,20,23,0.03639,0.05805
2026-08-07,21,23,0.03556,0.0573
2026-08-07,22,23,0.03523,0.05749
2026-08-07,23,23,0.03676,0.05869
2026-08-14,0,0,0.02978,0.06851
2026-08-14,1,0,0.02636,0.06581
2026-08-14,2,0,0.02865,0.06909
2026-08-14,3,0,0.02862,0.06592
2026-08-14,4,0,0.02975,0.07038
2026-08-14,5,0,0.02984,0.0674
2026-08-14,6,0,0.02866,0.06502
2026-08-14,7,0,0.02695,0.06421
2026-08-14,8,0,0.02774,0.06438
2026-08-14,9,0,0.02896,0.06676
2026-08-14,10,0,0.02931,0.06709
2026-08-14,11,0,0.02861,0.06685
2026-08-14,12,0,0.02739,0.06414
2026-08-14,13,0,0.02931,0.06728
2026-08-14,14,0,0.02844,0.06546
2026-08-14,15,0,0.02859,0.06658
2026-08-14,16,0,0.02801,0.06935
2026-08-14,17,0,0.02851,0.06759
2026-08-14,18,0,0.0299,0.06947
2026-08-14,19,0,0.02868,0.0682
2026-08-14,20,0,0.02844,0.0653
2026-08-14,21,0,0.02986,0.06678
2026-08-14,22,0,0.03068,0.069
2026-08-14,23,0,0.02935,0.06969
2026-08-14,0,1,0.03103,0.0722
2026-08-14,1,1,0.02635,0.06235
2026-08-14,2,1,0.02727,0.06697
2026-08-14,3,1,0.02955,0.0678
2026-08-14,4,1,0.02822,0.06858
2026-08-14,5,1,0.02716,0.06267
2026-08-14,6,1,0.02815,0.06641
2026-08-14,7,1,0.02786,0.06704
2026-08-14,8,1,0.02917,0.06962
2026-08-14,9,1,0.02908,0.0667
2026-08-14,10,1,0.02987,0.06982
2026-08-14,11,1,0.02804,0.06583
2026-08-14,12,1,0.02754,0.06691
2026-08-14,13,1,0.02662,0.06321
2026-08-14,14,1,0.03031,0.0692
2026-08-14,15,1,0.02829,0.06732
2026-08-14,16,1,0.02917,0.06746
2026-08-14,17,1,0.0275,0.06529
2026-08-14,18,1,0.02712,0.06619
2026-08-14,19,1,0.03015,0.07159
2026-08-14,20,1,0.02841,0.06468
2026-08-14,21,1,0.02885,0.06649
2026-08-14,22,1,0.03099,0.07021
2026-08-14,23,1,0.02861,0.06344
2026-08-14,0,2,0.02981,0.06986
2026-08-14,1,2,0.0289,0.06614
2026-08-14,2,2,0.03028,0.06698
2026-08-14,3,2,0.02972,0.06924
2026-08-14,4,2,0.02754,0.06439
2026-08-14,5,2,0.02841,0.06569
2026-08-14,6,2,0.02955,0.06971
2026-08-14,7,2,0.02851,0.07056
2026-08-14,8,2,0.02969,0.06981
2026-08-14,9,2,0.0276,0.0648
2026-08-14,10,2,0.02777,0.06724
2026-08-14,11,2,0.0265,0.06517
2026-08-14,12,2,0.02654,0.06275
2026-08-14,13,2,0.02752,0.06536
2026-08-14,14,2,0.0264,0.06693
2026-08-14,15,2,0.02559,0.06157
2026-08-14,16,2,0.02868,0.0675
2026-08-14,17,2,0.02919,0.06574
2026-08-14,18,2,0.02928,0.06587
2026-08-14,19,2,0.02791,0.06494
2026-08-14,20,2,0.02867,0.06829
2026-08-14,21,2,0.02871,0.06648
2026-08-14,22,2,0.0275,0.06398
2026-08-14,23,2,0.02922,0.06909
2026-08-14,0,3,0.03031,0.06853
2026-08-14,1,3,0.02796,0.0661
2026-08-14,2,3,0.0294,0.06801
2026-08-14,3,3,0.02754,0.06281
2026-08-14,4,3,0.02695,0.06496
2026-08-14,5,3,0.02796,0.06469
2026-08-14,6,3,0.02844,0.06773
2026-08-14,7,3,0.028,0.06552
2026-08-14,8,3,0.02802,0.06618
2026-08-14,9,3,0.02827,0.06702
2026-08-14,10,3,0.02891,0.0676
2026-08-14,11,3,0.02875,0.06858
2026-08-14,12,3,0.02808,0.06919
2026-08-14,13,3,0.02768,0.0686
2026-08-14,14,3,0.02756,0.06949
2026-08-14,15,3,0.02987,0.06818
2026-08-14,16,3,0.02875,0.06883
2026-08-14,17,3,0.02656,0.06517
2026-08-14,18,3,0.02896,0.06746
2026-08-14,19,3,0.02731,0.06323
2026-08-14,20,3,0.02667,0.0651
2026-08-14,21,3,0.02879,0.069
2026-08-14,22,3,0.02882,0.06854
2026-08-14,23,3,0.02798,0.06676
2026-08-14,0,4,0.02897,0.06737
2026-08-14,1,4,0.02839,0.06536
2026-08-14,2,4,0.02692,0.06319
2026-08-14,3,4,0.02855,0.06822
2026-08-14,4,4,0.02618,0.06369
2026-08-14,5,4,0.02948,0.0686
2026-08-14,6,4,0.02792,0.06369
2026-08-14,7,4,0.02579,0.06246
2026-08-14,8,4,0.02853,0.06718
2026-08-14,9,4,0.02799,0.06747
2026-08-14,10,4,0.02749,0.06574
2026-08-14,11,4,0.02838,0.0716
2026-08-14,12,4,0.02855,0.06948
2026-08-14,13,4,0.02664,0.06886
2026-08-14,14,4,0.02864,0.06752
2026-08-14,15,4,0.02945,0.06805
2026-08-14,16,4,0.02943,0.06794
2026-08-14,17,4,0.02965,0.068
2026-08-14,18,4,0.02904,0.06671
2026-08-14,19,4,0.02831,0.06704
2026-08-14,20,4,0.02748,0.07024
2026-08-14,21,4,0.02839,0.06428
2026-08-14,22,4,0.02877,0.06633
2026-08-14,23,4,0.02765,0.06904
2026-08-14,0,5,0.02836,0.06702
2026-08-14,1,5,0.02841,0.06584
2026-08-14,2,5,0.02847,0.06365
2026-08-14,3,5,0.02756,0.06823
2026-08-14,4,5,0.02901,0.06198
2026-08-14,5,5,0.0271,0.06411
2026-08-14,6,5,0.02993,0.07144
2026-08-14,7,5,0.02844,0.06616
2026-08-14,8,5,0.0285,0.06707
2026-08-14,9,5,0.02763,0.06695
2026-08-14,10,5,0.02537,0.0637
2026-08-14,11,5,0.02841,0.06869
2026-08-14,12,5,0.02724,0.06468
2026-08-14,13,5,0.02825,0.07145
2026-08-14,14,5,0.02773,0.06585
2026-08-14,15,5,0.02828,0.06528
2026-08-14,16,5,0.02734,0.06743
2026-08-14,17,5,0.02828,0.06615
2026-08-14,18,5,0.02895,0.0683
2026-08-14,19,5,0.02696,0.06559
2026-08-14,20,5,0.0281,0.06505
2026-08-14,21,5,0.02898,0.06804
2026-08-14,22,5,0.02839,0.06598
2026-08-14,23,5,0.02781,0.06565
2026-08-14,0,6,0.02819,0.06745
2026-08-14,1,6,0.02676,0.0617
2026-08-14,2,6,0.02813,0.06653
2026-08-14,3,6,0.02896,0.0676
2026-08-14,4,6,0.02766,0.06776
2026-08-14,5,6,0.02789,0.06669
2026-08-14,6,6,0.02637,0.06746
2026-08-14,7,6,0.02782,0.06854
2026-08-14,8,6,0.02847,0.06932
2026-08-14,9,6,0.02736,0.06836
2026-08-14,10,6,0.02843,0.069
2026-08-14,11,6,0.02613,0.06533
2026-08-14,12,6,0.02729,0.06633
2026-08-14,13,6,0.02903,0.06849
2026-08-14,14,6,0.0288,0.06771
2026-08-14,15,6,0.0263,0.06658
2026-08-14,16,6,0.02804,0.06698
2026-08-14,17,6,0.02673,0.06735
2026-08-14,18,6,0.02643,0.06338
2026-08-14,19,6,0.02783,0.06725
2026-08-14,20,6,0.02675,0.06364
2026-08-14,21,6,0.02792,0.06559
2026-08-14,22,6,0.03018,0.06443
2026-08-14,23,6,0.02683,0.06382
2026-08-14,0,7,0.02805,0.0666
2026-08-14,1,7,0.02772,0.06335
2026-08-14,2,7,0.02817,0.06486
2026-08-14,3,7,0.02723,0.06385
2026-08-14,4,7,0.03018,0.06939
2026-08-14,5,7,0.02979,0.07046
2026-08-14,6,7,0.02889,0.06749
2026-08-14,7,7,0.02673,0.06434
2026-08-14,8,7,0.02817,0.06844
2026-08-14,9,7,0.02666,0.06676
2026-08-14,10,7,0.02775,0.0668
2026-08-14,11,7,0.0259,0.06502
2026-08-14,12,7,0.0252,0.06686
2026-08-14,13,7,0.02769,0.06769
2026-08-14,14,7,0.02699,0.06696
2026-08-14,15,7,0.02642,0.06711
2026-08-14,16,7,0.02699,0.0636
2026-08-14,17,7,0.02774,0.06679
2026-08-14,18,7,0.02702,0.06585
2026-08-14,19,7,0.0296,0.06887
2026-08-14,20,7,0.02864,0.07088
2026-08-14,21,7,0.02874,0.06405
2026-08-14,22,7,0.0285,0.07062
2026-08-14,23,7,0.02777,0.06634
2026-08-14,0,8,0.02751,0.06519
2026-08-14,1,8,0.02912,0.06592
2026-08-14,2,8,0.02852,0.06809
2026-08-14,3,8,0.02664,0.06561
2026-08-14,4,8,0.02505,0.06454
2026-08-14,5,8,0.02861,0.06606
2026-08-14,6,8,0.02848,0.06927
2026-08-14,7,8,0.02758,0.06821
2026-08-14,8,8,0.02629,0.0653
2026-08-14,9,8,0.02653,0.06612
2026-08-14,10,8,0.02655,0.0662
2026-08-14,11,8,0.02758,0.06715
2026-08-14,12,8,0.02686,0.06914
2026-08-14,13,8,0.02729,0.06716
2026-08-14,14,8,0.02613,0.06501
2026-08-14,15,8,0.02836,0.06936
2026-08-14,16,8,0.0265,0.06584
2026-08-14,17,8,0.02925,0.06958
2026-08-14,18,8,0.02929,0.06859
2026-08-14,19,8,0.02844,0.06456
2026-08-14,20,8,0.02982,0.06672
2026-08-14,21,8,0.02853,0.06702
2026-08-14,22,8,0.02751,0.06384
2026-08-14,23,8,0.02742,0.06589
2026-08-14,0,9,0.02754,0.06413
2026-08-14,1,9,0.02744,0.06409
2026-08-14,2,9,0.0289,0.06847
2026-08-14,3,9,0.0279,0.06725
2026-08-14,4,9,0.02796,0.06576
2026-08-14,5,9,0.02695,0.06667
2026-08-14,6,9,0.02537,0.06249
2026-08-14,7,9,0.02824,0.06842
2026-08-14,8,9,0.02742,0.06753
2026-08-14,9,9,0.02774,0.06789
2026-08-14,10,9,0.02647,0.0634
2026-08-14,11,9,0.02817,0.07254
2026-08-14,12,9,0.02696,0.0663
2026-08-14,13,9,0.0268,0.06941
2026-08-14,14,9,0.02766,0.06709
2026-08-14,15,9,0.02774,0.07009
2026-08-14,16,9,0.02742,0.06859
2026-08-14,17,9,0.02854,0.06816
2026-08-14,18,9,0.02898,0.06668
2026-08-14,19,9,0.02704,0.06542
2026-08-14,20,9,0.02846,0.06769
2026-08-14,21,9,0.02774,0.06516
2026-08-14,22,9,0.0294,0.06749
2026-08-14,23,9,0.02796,0.0661
2026-08-14,0,10,0.02756,0.06647
2026-08-14,1,10,0.02801,0.06701
2026-08-14,2,10,0.02799,0.06637
2026-08-14,3,10,0.02807,0.06752
2026-08-14,4,10,0.02822,0.06997
2026-08-14,5,10,0.03048,0.06878
2026-08-14,6,10,0.0254,0.06302
2026-08-14,7,10,0.02604,0.06586
2026-08-14,8,10,0.02665,0.07068
2026-08-14,9,10,0.02583,0.0653
2026-08-14,10,10,0.02705,0.06823
2026-08-14,11,10,0.02438,0.06386
2026-08-14,12,10,0.02713,0.07048
2026-08-14,13,10,0.02975,0.07268
2026-08-14,14,10,0.02612,0.06688
2026-08-14,15,10,0.02686,0.06627
2026-08-14,16,10,0.02521,0.06405
2026-08-14,17,10,0.0264,0.06534
2026-08-14,18,10,0.02644,0.06268
2026-08-14,19,10,0.02892,0.06904
2026-08-14,20,10,0.02869,0.06611
2026-08-14,21,10,0.02763,0.06665
2026-08-14,22,10,0.02883,0.06509
2026-08-14,23,10,0.03016,0.06732
2026-08-14,0,11,0.02989,0.06663
2026-08-14,1,11,0.02906,0.06625
2026-08-14,2,11,0.02866,0.06936
2026-08-14,3,11,0.02813,0.06809
2026-08-14,4,11,0.02788,0.06845
2026-08-14,5,11,0.03097,0.07074
2026-08-14,6,11,0.02592,0.06663
2026-08-14,7,11,0.02749,0.06795
2026-08-14,8,11,0.02739,0.07003
2026-08-14,9,11,0.02735,0.06872
2026-08-14,10,11,0.02837,0.06857
2026-08-14,11,11,0.02552,0.0683
2026-08-14,12,11,0.02648,0.06854
2026-08-14,13,11,0.02545,0.06722
2026-08-14,14,11,0.02754,0.06756
2026-08-14,15,11,0.02566,0.06672
2026-08-14,16,11,0.02622,0.06806
2026-08-14,17,11,0.02698,0.06988
2026-08-14,18,11,0.02861,0.06957
2026-08-14,19,11,0.02753,0.06795
2026-08-14,20,11,0.02712,0.06465
2026-08-14,21,11,0.02821,0.06464
2026-08-14,22,11,0.02783,0.06616
2026-08-14,23,11,0.02899,0.06815
2026-08-14,0,12,0.0286,0.0695
2026-08-14,1,12,0.02773,0.06373
2026-08-14,2,12,0.02856,0.06872
2026-08-14,3,12,0.02936,0.07054
2026-08-14,4,12,0.02725,0.06728
2026-08-14,5,12,0.02885,0.06754
2026-08-14,6,12,0.02608,0.06782
2026-08-14,7,12,0.02727,0.06842
2026-08-14,8,12,0.02821,0.07233
2026-08-14,9,12,0.02778,0.07016
2026-08-14,10,12,0.02727,0.07116
2026-08-14,11,12,0.02613,0.066
2026-08-14,12,12,0.0253,0.06617
2026-08-14,13,12,0.02636,0.06704
2026-08-14,14,12,0.02687,0.06887
2026-08-14,15,12,0.02722,0.06685
2026-08-14,16,12,0.02723,0.06824
2026-08-14,17,12,0.02674,0.06769
2026-08-14,18,12,0.02918,0.06851
2026-08-14,19,12,0.02682,0.06355
2026-08-14,20,12,0.02779,0.06804
2026-08-14,21,12,0.02705,0.06379
2026-08-14,22,12,0.02788,0.06709
2026-08-14,23,12,0.02652,0.06515
2026-08-14,0,13,0.02808,0.06692
2026-08-14,1,13,0.02926,0.06838
2026-08-14,2,13,0.0297,0.06897
2026-08-14,3,13,0.02906,0.06818
2026-08-14,4,13,0.02887,0.06845
2026-08-14,5,13,0.02745,0.06878
2026-08-14,6,13,0.0288,0.07057
2026-08-14,7,13,0.02947,0.07109
2026-08-14,8,13,0.02673,0.06753
2026-08-14,9,13,0.02791,0.06782
2026-08-14,10,13,0.02861,0.07126
2026-08-14,11,13,0.02608,0.07004
2026-08-14,12,13,0.02704,0.07018
2026-08-14,13,13,0.02903,0.0704
2026-08-14,14,13,0.02785,0.06678
2026-08-14,15,13,0.02836,0.07084
2026-08-14,16,13,0.02755,0.06991
2026-08-14,17,13,0.02755,0.06592
2026-08-14,18,13,0.02783,0.06805
2026-08-14,19,13,0.02677,0.06607
2026-08-14,20,13,0.02776,0.06667
2026-08-14,21,13,0.02896,0.06878
2026-08-14,22,13,0.03026,0.07096
2026-08-14,23,13,0.03008,0.06726
2026-08-14,0,14,0.02777,0.06862
2026-08-14,1,14,0.02978,0.06935
2026-08-14,2,14,0.02754,0.06672
2026-08-14,3,14,0.02744,0.06536
2026-08-14,4,14,0.02678,0.06645
2026-08-14,5,14,0.02566,0.06546
2026-08-14,6,14,0.02814,0.06772
2026-08-14,7,14,0.02838,0.0678
2026-08-14,8,14,0.02743,0.06778
2026-08-14,9,14,0.02853,0.06736
2026-08-14,10,14,0.0266,0.06477
2026-08-14,11,14,0.02625,0.06848
2026-08-14,12,14,0.02684,0.06843
2026-08-14,13,14,0.02543,0.06694
2026-08-14,14,14,0.02703,0.06684
2026-08-14,15,14,0.02434,0.06054
2026-08-14,16,14,0.02651,0.06773
2026-08-14,17,14,0.02828,0.06759
2026-08-14,18,14,0.02771,0.06893
2026-08-14,19,14,0.02941,0.07135
2026-08-14,20,14,0.02742,0.06741
2026-08-14,21,14,0.02893,0.06586
2026-08-14,22,14,0.02863,0.06693
2026-08-14,23,14,0.02834,0.06877
2026-08-14,0,15,0.02662,0.06149
2026-08-14,1,15,0.02818,0.06733
2026-08-14,2,15,0.02821,0.06525
2026-08-14,3,15,0.027,0.06722
2026-08-14,4,15,0.0271,0.06609
2026-08-14,5,15,0.02825,0.06717
2026-08-14,6,15,0.02766,0.06851
2026-08-14,7,15,0.02711,0.06697
2026-08-14,8,15,0.02636,0.06409
2026-08-14,9,15,0.02642,0.06636
2026-08-14,10,15,0.02614,0.06713
2026-08-14,11,15,0.02824,0.06928
2026-08-14,12,15,0.02864,0.06982
2026-08-14,13,15,0.02805,0.0695
2026-08-14,14,15,0.02587,0.06675
2026-08-14,15,15,0.02784,0.06901
2026-08-14,16,15,0.02807,0.06749
2026-08-14,17,15,0.02844,0.06986
2026-08-14,18,15,0.02801,0.06592
2026-08-14,19,15,0.0282,0.06572
2026-08-14,20,15,0.02795,0.06617
2026-08-14,21,15,0.02839,0.06793
2026-08-14,22,15,0.0276,0.06655
2026-08-14,23,15,0.03013,0.06928
2026-08-14,0,16,0.03116,0.07053
2026-08-14,1,16,0.02767,0.0656
2026-08-14,2,16,0.02845,0.06839
2026-08-14,3,16,0.02781,0.06769
2026-08-14,4,16,0.0291,0.06787
2026-08-14,5,16,0.02945,0.07254
2026-08-14,6,16,0.02956,0.06978
2026-08-14,7,16,0.02789,0.06884
2026-08-14,8,16,0.02606,0.06609
2026-08-14,9,16,0.02626,0.06867
2026-08-14,10,16,0.02906,0.06824
2026-08-14,11,16,0.02751,0.06756
2026-08-14,12,16,0.02683,0.06752
2026-08-14,13,16,0.02789,0.06824
2026-08-14,14,16,0.02757,0.06914
2026-08-14,15,16,0.02783,0.07008
2026-08-14,16,16,0.02694,0.06731
2026-08-14,17,16,0.02773,0.06644
2026-08-14,18,16,0.02691,0.06767
2026-08-14,19,16,0.02739,0.06909
2026-08-14,20,16,0.02869,0.06965
2026-08-14,21,16,0.03053,0.06849
2026-08-14,22,16,0.02868,0.06768
2026-08-14,23,16,0.02636,0.06348
2026-08-14,0,17,0.02907,0.06806
2026-08-14,1,17,0.02857,0.06685
2026-08-14,2,17,0.02801,0.06975
2026-08-14,3,17,0.02651,0.0652
2026-08-14,4,17,0.02812,0.06638
2026-08-14,5,17,0.0258,0.06497
2026-08-14,6,17,0.02776,0.06877
2026-08-14,7,17,0.02796,0.06748
2026-08-14,8,17,0.02895,0.07039
2026-08-14,9,17,0.02673,0.06707
2026-08-14,10,17,0.02766,0.06458
2026-08-14,11,17,0.02702,0.0674
2026-08-14,12,17,0.02771,0.06622
2026-08-14,13,17,0.02885,0.07178
2026-08-14,14,17,0.02696,0.06287
2026-08-14,15,17,0.02668,0.06697
2026-08-14,16,17,0.02711,0.06521
2026-08-14,17,17,0.02788,0.0668
2026-08-14,18,17,0.02686,0.06453
2026-08-14,19,17,0.02651,0.06289
2026-08-14,20,17,0.0284,0.06804
2026-08-14,21,17,0.02843,0.06898
2026-08-14,22,17,0.02792,0.06709
2026-08-14,23,17,0.02691,0.06285
2026-08-14,0,18,0.02817,0.06598
2026-08-14,1,18,0.02811,0.06698
2026-08-14,2,18,0.02903,0.0689
2026-08-14,3,18,0.02799,0.06465
2026-08-14,4,18,0.0285,0.06762
2026-08-14,5,18,0.02856,0.06804
2026-08-14,6,18,0.02622,0.06316
2026-08-14,7,18,0.02679,0.06428
2026-08-14,8,18,0.03037,0.0705
2026-08-14,9,18,0.02945,0.06898
2026-08-14,10,18,0.02798,0.06696
2026-08-14,11,18,0.02818,0.0686
2026-08-14,12,18,0.02884,0.06905
2026-08-14,13,18,0.02681,0.06719
2026-08-14,14,18,0.02895,0.06869
2026-08-14,15,18,0.02734,0.06529
2026-08-14,16,18,0.02863,0.06537
2026-08-14,17,18,0.02929,0.06763
2026-08-14,18,18,0.02819,0.06733
2026-08-14,19,18,0.02792,0.06391
2026-08-14,20,18,0.03011,0.06947
2026-08-14,21,18,0.02773,0.06531
2026-08-14,22,18,0.02836,0.0676
2026-08-14,23,18,0.02716,0.0632
2026-08-14,0,19,0.02789,0.06884
2026-08-14,1,19,0.02783,0.06258
2026-08-14,2,19,0.02832,0.06407
2026-08-14,3,19,0.02875,0.06709
2026-08-14,4,19,0.02847,0.06903
2026-08-14,5,19,0.02837,0.06522
2026-08-14,6,19,0.02945,0.06932
2026-08-14,7,19,0.03033,0.0695
2026-08-14,8,19,0.0283,0.06789
2026-08-14,9,19,0.02811,0.06786
2026-08-14,10,19,0.02792,0.0683
2026-08-14,11,19,0.02599,0.06172
2026-08-14,12,19,0.0259,0.06272
2026-08-14,13,19,0.02693,0.06444
2026-08-14,14,19,0.03054,0.0692
2026-08-14,15,19,0.02676,0.06479
2026-08-14,16,19,0.02608,0.06498
2026-08-14,17,19,0.02727,0.06617
2026-08-14,18,19,0.0273,0.06756
2026-08-14,19,19,0.02718,0.06777
2026-08-14,20,19,0.02743,0.06505
2026-08-14,21,19,0.02775,0.0661
2026-08-14,22,19,0.0296,0.06825
2026-08-14,23,19,0.02943,0.06745
2026-08-14,0,20,0.03027,0.06826
2026-08-14,1,20,0.02732,0.06529
2026-08-14,2,20,0.02811,0.06476
2026-08-14,3,20,0.02869,0.06784
2026-08-14,4,20,0.02861,0.06743
2026-08-14,5,20,0.02858,0.06967
2026-08-14,6,20,0.02652,0.06187
2026-08-14,7,20,0.02915,0.0668
2026-08-14,8,20,0.02832,0.06956
2026-08-14,9,20,0.02928,0.06653
2026-08-14,10,20,0.02755,0.0664
2026-08-14,11,20,0.02819,0.06596
2026-08-14,12,20,0.02925,0.06801
2026-08-14,13,20,0.02812,0.06423
2026-08-14,14,20,0.02685,0.065
2026-08-14,15,20,0.0292,0.06849
2026-08-14,16,20,0.02682,0.06434
2026-08-14,17,20,0.0279,0.07012
2026-08-14,18,20,0.02843,0.06764
2026-08-14,19,20,0.02838,0.06888
2026-08-14,20,20,0.02711,0.06573
2026-08-14,21,20,0.02747,0.06677
2026-08-14,22,20,0.02846,0.06448
2026-08-14,23,20,0.02897,0.06764
2026-08-14,0,21,0.02956,0.07082
2026-08-14,1,21,0.02895,0.06799
2026-08-14,2,21,0.02936,0.06802
2026-08-14,3,21,0.02979,0.06758
2026-08-14,4,21,0.02772,0.06446
2026-08-14,5,21,0.02787,0.0651
2026-08-14,6,21,0.02833,0.067
2026-08-14,7,21,0.02811,0.06539
2026-08-14,8,21,0.02711,0.0626
2026-08-14,9,21,0.02972,0.06917
2026-08-14,10,21,0.02806,0.06663
2026-08-14,11,21,0.02642,0.06785
2026-08-14,12,21,0.02724,0.06723
2026-08-14,13,21,0.02873,0.0656
2026-08-14,14,21,0.02948,0.06996
2026-08-14,15,21,0.02678,0.06523
2026-08-14,16,21,0.02883,0.06813
2026-08-14,17,21,0.02849,0.06621
2026-08-14,18,21,0.02769,0.06476
2026-08-14,19,21,0.02786,0.06838
2026-08-14,20,21,0.02831,0.06634
2026-08-14,21,21,0.02918,0.06873
2026-08-14,22,21,0.03027,0.07032
2026-08-14,23,21,0.0301,0.06764
2026-08-14,0,22,0.02892,0.06644
2026-08-14,1,22,0.02714,0.06501
2026-08-14,2,22,0.02826,0.06461
2026-08-14,3,22,0.02838,0.06707
2026-08-14,4,22,0.02787,0.06791
2026-08-14,5,22,0.02948,0.06825
2026-08-14,6,22,0.02934,0.06909
2026-08-14,7,22,0.02932,0.06726
2026-08-14,8,22,0.03012,0.06873
2026-08-14,9,22,0.02791,0.06528
2026-08-14,10,22,0.0272,0.06873
2026-08-14,11,22,0.02902,0.06949
2026-08-14,12,22,0.0285,0.06863
2026-08-14,13,22,0.02932,0.067
2026-08-14,14,22,0.02927,0.06799
2026-08-14,15,22,0.02897,0.06665
2026-08-14,16,22,0.02808,0.06557
2026-08-14,17,22,0.02811,0.06705
2026-08-14,18,22,0.02739,0.06604
2026-08-14,19,22,0.0278,0.06529
2026-08-14,20,22,0.03032,0.06823
2026-08-14,21,22,0.02937,0.06744
2026-08-14,22,22,0.0282,0.06645
2026-08-14,23,22,0.02823,0.06531
2026-08-14,0,23,0.02839,0.06792
2026-08-14,1,23,0.02823,0.06581
2026-08-14,2,23,0.02912,0.06826
2026-08-14,3,23,0.02714,0.06423
2026-08-14,4,23,0.02789,0.06475
2026-08-14,5,23,0.02855,0.06786
2026-08-14,6,23,0.02669,0.06407
2026-08-14,7,23,0.02988,0.06781
2026-08-14,8,23,0.02752,0.06712
2026-08-14,9,23,0.02787,0.0675
2026-08-14,10,23,0.02941,0.06681
2026-08-14,11,23,0.02722,0.06556
2026-08-14,12,23,0.02603,0.06469
2026-08-14,13,23,0.02989,0.06948
2026-08-14,14,23,0.02778,0.06328
2026-08-14,15,23,0.02742,0.06486
2026-08-14,16,23,0.02842,0.06728
2026-08-14,17,23,0.02719,0.06466
2026-08-14,18,23,0.02772,0.06504
2026-08-14,19,23,0.0291,0.0678
2026-08-14,20,23,0.02833,0.06552
2026-08-14,21,23,0.02739,0.06735
2026-08-14,22,23,0.02985,0.0693
2026-08-14,23,23,0.02806,0.06687
